"Message",Low,"Starting .NET Native compilation"
"Message",Low,""
"Message",Low,""
"Message",Low,"Task ""Gatekeeper"""
"Message",Normal,"Launching 'C:\Program Files (x86)\Microsoft SDKs\UWPNuGetPackages\runtime.win10-x64.microsoft.net.native.compiler\2.2.12-rel-31116-00\tools\x64\ilc\ilc.exe --gatekeeper @""D:\--NITIP\NetCore\SqlIdeModule\SqlIdeModule.Package\obj\x64\Release\ilc\intermediate\gkargs.rsp""'"
"Message",Low,"Microsoft (R) .NET Native Gatekeeper Version 2.2.31116.00 "
"Message",Low,"Copyright (C) Microsoft Corporation.  All rights reserved. "
"Message",Low," "
"Message",Low,"Checking assembly 'D:\--NITIP\NetCore\SqlIdeModule\SqlIdeModule.Package\obj\x64\Release\ilc\in\SqlIdeModule.Package.winmd'. "
"Message",Normal,"'C:\Program Files (x86)\Microsoft SDKs\UWPNuGetPackages\runtime.win10-x64.microsoft.net.native.compiler\2.2.12-rel-31116-00\tools\x64\ilc\ilc.exe --gatekeeper @""D:\--NITIP\NetCore\SqlIdeModule\SqlIdeModule.Package\obj\x64\Release\ilc\intermediate\gkargs.rsp""' completed."
"Message",Normal,"Process execution statistics (all times in milliseconds)"
"Message",Normal,"-----------------------------------------------------------------------------"
"Message",Normal,"launch  |  start   |   stop   |   end    | duration | lifetime | [slot] name"
"Message",Normal,"-----------------------------------------------------------------------------"
"Message",Normal,"       0 |       16 |      266 |     1766 |      250 |     1766 | [0] Gatekeeper"
"Message",Normal,"Number of commands:      1"
"Message",Normal,"Total system time:       1766 ms"
"Message",Normal,"System time per command: 1766 ms"
"Message",Normal,"Total duration:          250 ms"
"Message",Normal,"Total lifetime:          1766 ms"
"Message",Normal,"Requested DOP:           14"
"Message",Normal,"Duration DOP:            0.1"
"Message",Normal,"Lifetime DOP:            1.0"
"Message",Low,"Done executing task ""Gatekeeper""."
"Message",Low,"Done building target ""RunGatekeeper"" in file ""Preparation""."
"Message",Low,""
"Message",Low,"Task ""csc"""
"Message",Normal,"Launching 'C:\Program Files (x86)\Microsoft SDKs\UWPNuGetPackages\microsoft.net.native.compiler\2.2.12-rel-31116-00\tools\csc\csc.exe /debug+ /noconfig /nostdlib+ /out:""D:\--NITIP\NetCore\SqlIdeModule\SqlIdeModule.Package\obj\x64\Release\ilc\intermediate\DummyAppForUnmanagedEntrypoint.exe"" /pdb:""D:\--NITIP\NetCore\SqlIdeModule\SqlIdeModule.Package\obj\x64\Release\ilc\intermediate\DummyAppForUnmanagedEntrypoint.pdb"" /reference:""C:\Program Files (x86)\Microsoft SDKs\UWPNuGetPackages\runtime.win10-x64.microsoft.net.native.compiler\2.2.12-rel-31116-00\tools\x64\ilc\lib\Private\System.Private.CoreLib.dll"" /target:winexe ""D:\--NITIP\NetCore\SqlIdeModule\SqlIdeModule.Package\obj\x64\Release\ilc\intermediate\fake.cs""'"
"Message",Low,"Microsoft (R) Visual C# Compiler version 2.6.0.61911 (844fea4d)"
"Message",Low,"Copyright (C) Microsoft Corporation. All rights reserved."
"Message",Normal,"'C:\Program Files (x86)\Microsoft SDKs\UWPNuGetPackages\microsoft.net.native.compiler\2.2.12-rel-31116-00\tools\csc\csc.exe /debug+ /noconfig /nostdlib+ /out:""D:\--NITIP\NetCore\SqlIdeModule\SqlIdeModule.Package\obj\x64\Release\ilc\intermediate\DummyAppForUnmanagedEntrypoint.exe"" /pdb:""D:\--NITIP\NetCore\SqlIdeModule\SqlIdeModule.Package\obj\x64\Release\ilc\intermediate\DummyAppForUnmanagedEntrypoint.pdb"" /reference:""C:\Program Files (x86)\Microsoft SDKs\UWPNuGetPackages\runtime.win10-x64.microsoft.net.native.compiler\2.2.12-rel-31116-00\tools\x64\ilc\lib\Private\System.Private.CoreLib.dll"" /target:winexe ""D:\--NITIP\NetCore\SqlIdeModule\SqlIdeModule.Package\obj\x64\Release\ilc\intermediate\fake.cs""' completed."
"Message",Normal,"Process execution statistics (all times in milliseconds)"
"Message",Normal,"-----------------------------------------------------------------------------"
"Message",Normal,"launch  |  start   |   stop   |   end    | duration | lifetime | [slot] name"
"Message",Normal,"-----------------------------------------------------------------------------"
"Message",Normal,"       0 |       16 |       78 |       78 |       62 |       78 | [0] csc"
"Message",Normal,"Number of commands:      1"
"Message",Normal,"Total system time:       78 ms"
"Message",Normal,"System time per command: 78 ms"
"Message",Normal,"Total duration:          62 ms"
"Message",Normal,"Total lifetime:          78 ms"
"Message",Normal,"Requested DOP:           14"
"Message",Normal,"Duration DOP:            0.8"
"Message",Normal,"Lifetime DOP:            1.0"
"Message",Low,"Done executing task ""csc""."
"Message",Low,"Done building target ""GenerateFakeExe"" in file ""Preparation""."
"Message",Low,""
"Message",Low,"Done building target ""CreateToolchainGeneratedAssembly"" in file ""Preparation""."
"Message",Low,""
"Message",Low,"Task ""PreMergeAssemblyClosure"""
"Message",Low,"Done executing task ""PreMergeAssemblyClosure""."
"Message",Low,"Done building target ""ConstructPreMergeAssemblyClosure"" in file ""Preparation""."
"Message",Low,""
"Message",Low,"Task ""McgReferenceResolveFilePath"""
"Message",Low,"Done executing task ""McgReferenceResolveFilePath""."
"Message",Low,"Done building target ""PreResolveTransforms"" in file ""Preparation""."
"Message",Low,""
"Message",Low,"Task ""ResolveToolchainRequiredAssemblyRoots"""
"Message",Low,"Done executing task ""ResolveToolchainRequiredAssemblyRoots""."
"Message",Low,"Task ""ILTransformAssemblyClosure"""
"Message",Low,"Done executing task ""ILTransformAssemblyClosure""."
"Message",Low,"Task ""ResolveToolchainRequiredAssemblyRoots"""
"Message",Low,"Done executing task ""ResolveToolchainRequiredAssemblyRoots""."
"Message",Low,"Task ""ReducedCopyAssemblyClosure"""
"Message",Low,"Done executing task ""ReducedCopyAssemblyClosure""."
"Message",Low,"Done building target ""ConstructILTransformAssemblyClosure"" in file ""Preparation""."
"Message",Low,"Done building project ""Preparation""."
"Message",Low,""
"Message",Low,""
"Message",High,"Processing application code"
"Message",Low,"Task ""RunILTransforms"""
"Message",Normal,"Running 'DumpNativeResources' transform, heap at 74 MB."
"Message",Normal,"Running 'Analysis' transform, heap at 70 MB."
"Message",Low,"Loading 43 modules..."
"Message",Normal,"Imported reflection directives from 7 files:"
"Message",Normal,"D:\--NITIP\NetCore\SqlIdeModule\SqlIdeModule.Package\obj\x64\Release\ilc\in\Properties\Default.rd.xml"
"Message",Normal,"Embedded manifest in System.Private.Interop: Resources.System.Private.Interop.rd.xml"
"Message",Normal,"Embedded manifest in System.Private.WinRTInterop.CoreLib: Resources.System.Private.WinRTInterop.CoreLib.rd.xml"
"Message",Normal,"Embedded manifest in System.Runtime.WindowsRuntime.UI.Xaml: Resources.System.Runtime.WindowsRuntime.UI.Xaml.rd.xml"
"Message",Normal,"Embedded manifest in System.Private.CoreLib: Resources.System.Private.CoreLib.rd.xml"
"Message",Normal,"Embedded manifest in System.Private.Uri: Resources.System.Private.Uri.rd.xml"
"Message",Normal,"Embedded manifest in System.Private.Reflection.Core: System.Private.Reflection.Core.rd.xml"
"Message",Normal,"Running 'Mcg' transform, heap at 156 MB."
"Message",High,"Computing application closure and generating interop code"
"Message",High,"  Loading 43 modules..."
"Warning",,0,0,"      MCG : warning MCG0007: Unresolved P/Invoke method 'api-ms-win-core-com-l1-1-0.dll!CreateBindCtx' for method 'System.Void System.Runtime.InteropServices.ExternalInterop.CreateBindCtx(System.UInt32, System.Runtime.InteropServices.ComTypes.IBindCtx)'. Calling this method would throw exception at runtime. Please make sure the P/Invoke either points to a Windows API allowed in UWP applications, or a native DLL that is part of the package. If for some reason your P/Invoke does not satisfy those requirements, please use [DllImport(ExactSpelling=true) to indicate that you understand the implications of using non-UWP APIs."
"Warning",,0,0,"      MCG : warning MCG0007: Unresolved P/Invoke method 'api-ms-win-core-com-l1-1-0.dll!MkParseDisplayName' for method 'System.Void System.Runtime.InteropServices.ExternalInterop.MkParseDisplayName(System.Runtime.InteropServices.ComTypes.IBindCtx, System.String, System.UInt32, System.Runtime.InteropServices.ComTypes.IMoniker)'. Calling this method would throw exception at runtime. Please make sure the P/Invoke either points to a Windows API allowed in UWP applications, or a native DLL that is part of the package. If for some reason your P/Invoke does not satisfy those requirements, please use [DllImport(ExactSpelling=true) to indicate that you understand the implications of using non-UWP APIs."
"Message",Normal,"          P/Invoke 'RoParseTypeName' resolved to 'RoParseTypeName!api-ms-win-ro-typeresolution-l1-1-0.dll' from 'SupportedAPIs.xml'."
"Message",Normal,"          P/Invoke 'RhpGetFuncEvalParameterBufferSize' with [DllImport(ExactSpelling=true)] resolved to '[MRT]!RhpGetFuncEvalParameterBufferSize'."
"Message",Normal,"          P/Invoke 'RhpGetFuncEvalMode' with [DllImport(ExactSpelling=true)] resolved to '[MRT]!RhpGetFuncEvalMode'."
"Message",Normal,"          P/Invoke 'RhpRecordDebuggeeInitiatedHandle' with [DllImport(ExactSpelling=true)] resolved to '[MRT]!RhpRecordDebuggeeInitiatedHandle'."
"Message",Normal,"          P/Invoke 'RhpVerifyDebuggerCleanup' with [DllImport(ExactSpelling=true)] resolved to '[MRT]!RhpVerifyDebuggerCleanup'."
"Message",Normal,"          P/Invoke 'RhpGetCurrentThread' with [DllImport(ExactSpelling=true)] resolved to '[MRT]!RhpGetCurrentThread'."
"Message",Normal,"          P/Invoke 'RhWaitForPendingFinalizers' with [DllImport(ExactSpelling=true)] resolved to '[MRT]!RhWaitForPendingFinalizers'."
"Message",Normal,"          P/Invoke 'RhYield' with [DllImport(ExactSpelling=true)] resolved to '[MRT]!RhYield'."
"Message",Normal,"          P/Invoke 'RhFlushProcessWriteBuffers' with [DllImport(ExactSpelling=true)] resolved to '[MRT]!RhFlushProcessWriteBuffers'."
"Message",Normal,"          P/Invoke 'RhCompatibleReentrantWaitAny' with [DllImport(ExactSpelling=true)] resolved to '[MRT]!RhCompatibleReentrantWaitAny'."
"Message",Normal,"          P/Invoke 'RhCallDescrWorker' with [DllImport(ExactSpelling=true)] resolved to '[MRT]!RhCallDescrWorker'."
"Message",Normal,"          P/Invoke '_ecvt_s' with [DllImport(ExactSpelling=true)] resolved to '[MRT]!_ecvt_s'."
"Message",Normal,"          P/Invoke 'memmove' with [DllImport(ExactSpelling=true)] resolved to '[MRT]!memmove'."
"Message",Normal,"          P/Invoke 'memset' with [DllImport(ExactSpelling=true)] resolved to '[MRT]!memset'."
"Message",Normal,"          P/Invoke 'CallingConventionConverter_GetStubs' with [DllImport(ExactSpelling=true)] resolved to '*!CallingConventionConverter_GetStubs'."
"Message",Normal,"          P/Invoke 'CoCreateGuid' resolved to 'CoCreateGuid!ole32.dll' from 'SupportedAPIs.xml'."
"Message",Normal,"          P/Invoke 'IsDebuggerPresent' resolved to 'IsDebuggerPresent!api-ms-win-core-debug-l1-1-0.dll' from 'SupportedAPIs.xml'."
"Message",Normal,"          P/Invoke 'EventActivityIdControl' resolved to 'EventActivityIdControl!advapi32.dll' from 'SupportedAPIs.xml'."
"Message",Normal,"          P/Invoke 'WindowsCreateStringReference' resolved to 'WindowsCreateStringReference!api-ms-win-core-winrt-string-l1-1-0.dll' from 'SupportedAPIs.xml'."
"Message",Normal,"          P/Invoke 'GetSystemTimeAsFileTime' resolved to 'GetSystemTimeAsFileTime!api-ms-win-core-sysinfo-l1-1-0.dll' from 'SupportedAPIs.xml'."
"Message",Normal,"          P/Invoke 'GetLastError' resolved to 'GetLastError!api-ms-win-core-errorhandling-l1-1-0.dll' from 'SupportedAPIs.xml'."
"Message",Normal,"          P/Invoke 'SetLastError' resolved to 'SetLastError!api-ms-win-core-errorhandling-l1-1-0.dll' from 'SupportedAPIs.xml'."
"Message",Normal,"          P/Invoke 'GetProcessHeap' resolved to 'GetProcessHeap!api-ms-win-core-heap-l1-1-0.dll' from 'SupportedAPIs.xml'."
"Message",Normal,"          P/Invoke 'HeapAlloc' resolved to 'HeapAlloc!api-ms-win-core-heap-l1-1-0.dll' from 'SupportedAPIs.xml'."
"Message",Normal,"          P/Invoke 'HeapFree' resolved to 'HeapFree!api-ms-win-core-heap-l1-1-0.dll' from 'SupportedAPIs.xml'."
"Message",Normal,"          P/Invoke 'HeapReAlloc' resolved to 'HeapReAlloc!api-ms-win-core-heap-l1-1-0.dll' from 'SupportedAPIs.xml'."
"Message",Normal,"          P/Invoke 'RoInitialize' resolved to 'RoInitialize!api-ms-win-core-winrt-l1-1-0.dll' from 'SupportedAPIs.xml'."
"Message",Normal,"          P/Invoke 'GetModuleFileNameW' resolved to 'GetModuleFileNameW!kernel32.dll' from 'SupportedAPIs.xml'."
"Message",Normal,"          P/Invoke 'IsValidLocaleName' resolved to 'IsValidLocaleName!api-ms-win-core-localization-l1-2-0.dll' from 'SupportedAPIs.xml'."
"Message",Normal,"          P/Invoke 'ResolveLocaleName' resolved to 'ResolveLocaleName!api-ms-win-core-localization-l1-2-0.dll' from 'SupportedAPIs.xml'."
"Message",Normal,"          P/Invoke 'MultiByteToWideChar' resolved to 'MultiByteToWideChar!kernel32.dll' from 'SupportedAPIs.xml'."
"Message",Normal,"          P/Invoke 'GetCommandLineW' resolved to 'GetCommandLineW!api-ms-win-core-processenvironment-l1-1-0.dll' from 'SupportedAPIs.xml'."
"Message",Normal,"          P/Invoke 'GetCPInfo' resolved to 'GetCPInfo!kernel32.dll' from 'SupportedAPIs.xml'."
"Message",Normal,"          P/Invoke 'NormalizeString' resolved to 'NormalizeString!Normaliz.dll' from 'SupportedAPIs.xml'."
"Message",Normal,"          P/Invoke 'GetProcessHeap' resolved to 'GetProcessHeap!api-ms-win-core-heap-l1-1-0.dll' from 'SupportedAPIs.xml'."
"Message",Normal,"          P/Invoke 'HeapAlloc' resolved to 'HeapAlloc!api-ms-win-core-heap-l1-1-0.dll' from 'SupportedAPIs.xml'."
"Message",Normal,"          P/Invoke 'EventSetInformation' resolved to 'EventSetInformation!advapi32.dll' from 'SupportedAPIs.xml'."
"Message",Normal,"          P/Invoke 'HeapReAlloc' resolved to 'HeapReAlloc!api-ms-win-core-heap-l1-1-0.dll' from 'SupportedAPIs.xml'."
"Message",Normal,"          P/Invoke 'WideCharToMultiByte' resolved to 'WideCharToMultiByte!kernel32.dll' from 'SupportedAPIs.xml'."
"Message",Normal,"          P/Invoke 'RaiseFailFastException' resolved to 'RaiseFailFastException!api-ms-win-core-kernel32-legacy-l1-1-0.dll' from 'SupportedAPIs.xml'."
"Message",Normal,"          P/Invoke 'RoInitialize' resolved to 'RoInitialize!api-ms-win-core-winrt-l1-1-0.dll' from 'SupportedAPIs.xml'."
"Message",Normal,"          P/Invoke 'GetCurrentThreadId' resolved to 'GetCurrentThreadId!api-ms-win-core-processthreads-l1-1-0.dll' from 'SupportedAPIs.xml'."
"Message",Normal,"          P/Invoke 'LCMapStringEx' resolved to 'LCMapStringEx!kernel32.dll' from 'SupportedAPIs.xml'."
"Message",Normal,"          P/Invoke 'ResetEvent' resolved to 'ResetEvent!kernel32.dll' from 'SupportedAPIs.xml'."
"Message",Normal,"          P/Invoke 'SetEvent' resolved to 'SetEvent!kernel32.dll' from 'SupportedAPIs.xml'."
"Message",Normal,"          P/Invoke 'CompareStringEx' resolved to 'CompareStringEx!kernel32.dll' from 'SupportedAPIs.xml'."
"Message",Normal,"          P/Invoke 'GetCurrentProcessId' resolved to 'GetCurrentProcessId!kernel32.dll' from 'SupportedAPIs.xml'."
"Message",Normal,"          P/Invoke 'Sleep' resolved to 'Sleep!kernel32.dll' from 'SupportedAPIs.xml'."
"Message",Normal,"          P/Invoke 'HeapFree' resolved to 'HeapFree!api-ms-win-core-heap-l1-1-0.dll' from 'SupportedAPIs.xml'."
"Message",Normal,"          P/Invoke 'CoGetApartmentType' resolved to 'CoGetApartmentType!ole32.dll' from 'SupportedAPIs.xml'."
"Message",Normal,"          P/Invoke 'GetTickCount64' resolved to 'GetTickCount64!api-ms-win-core-sysinfo-l1-1-0.dll' from 'SupportedAPIs.xml'."
"Message",Normal,"          P/Invoke 'GetCPInfoExW' resolved to 'GetCPInfoExW!kernel32.dll' from 'SupportedAPIs.xml'."
"Message",Normal,"          P/Invoke 'FindNLSStringEx' resolved to 'FindNLSStringEx!kernel32.dll' from 'SupportedAPIs.xml'."
"Message",Normal,"          P/Invoke 'IdnToUnicode' resolved to 'IdnToUnicode!Normaliz.dll' from 'SupportedAPIs.xml'."
"Message",Normal,"          P/Invoke 'CloseHandle' resolved to 'CloseHandle!kernel32.dll' from 'SupportedAPIs.xml'."
"Message",Normal,"          P/Invoke 'EventWriteTransfer' resolved to 'EventWriteTransfer!advapi32.dll' from 'SupportedAPIs.xml'."
"Message",Normal,"          P/Invoke 'OutputDebugStringW' resolved to 'OutputDebugStringW!api-ms-win-core-debug-l1-1-0.dll' from 'SupportedAPIs.xml'."
"Message",Normal,"          P/Invoke 'BCryptGenRandom' resolved to 'BCryptGenRandom!BCrypt.dll' from 'SupportedAPIs.xml'."
"Message",Normal,"          P/Invoke 'CompareStringOrdinal' resolved to 'CompareStringOrdinal!kernel32.dll' from 'SupportedAPIs.xml'."
"Message",Normal,"          P/Invoke 'CreateEventExW' resolved to 'CreateEventExW!kernel32.dll' from 'SupportedAPIs.xml'."
"Message",Normal,"          P/Invoke 'FormatMessageW' resolved to 'FormatMessageW!kernel32.dll' from 'SupportedAPIs.xml'."
"Message",Normal,"          P/Invoke 'GetFileType' resolved to 'GetFileType!kernel32.dll' from 'SupportedAPIs.xml'."
"Message",Normal,"          P/Invoke 'EventUnregister' resolved to 'EventUnregister!advapi32.dll' from 'SupportedAPIs.xml'."
"Message",Normal,"          P/Invoke 'EventRegister' resolved to 'EventRegister!advapi32.dll' from 'SupportedAPIs.xml'."
"Message",Normal,"          P/Invoke 'GetVersionExW' resolved to 'GetVersionExW!kernel32.dll' from 'SupportedAPIs.xml'."
"Message",Normal,"          P/Invoke 'GetFileInformationByHandleEx' resolved to 'GetFileInformationByHandleEx!kernel32.dll' from 'SupportedAPIs.xml'."
"Message",Normal,"          P/Invoke 'SetFilePointerEx' resolved to 'SetFilePointerEx!kernel32.dll' from 'SupportedAPIs.xml'."
"Message",Normal,"          P/Invoke 'GetDynamicTimeZoneInformation' resolved to 'GetDynamicTimeZoneInformation!api-ms-win-core-timezone-l1-1-0.dll' from 'SupportedAPIs.xml'."
"Message",Normal,"          P/Invoke 'ResolveLocaleName' resolved to 'ResolveLocaleName!kernel32.dll' from 'SupportedAPIs.xml'."
"Message",Normal,"          P/Invoke 'GetLocaleInfoEx' resolved to 'GetLocaleInfoEx!kernel32.dll' from 'SupportedAPIs.xml'."
"Message",Normal,"          P/Invoke 'GetThreadPriority' resolved to 'GetThreadPriority!kernel32.dll' from 'SupportedAPIs.xml'."
"Message",Normal,"          P/Invoke 'EnumerateTraceGuidsEx' resolved to 'EnumerateTraceGuidsEx!advapi32.dll' from 'SupportedAPIs.xml'."
"Message",Normal,"          P/Invoke 'SetThreadErrorMode' resolved to 'SetThreadErrorMode!kernel32.dll' from 'SupportedAPIs.xml'."
"Message",Normal,"          P/Invoke 'CreateFile2' resolved to 'CreateFile2!kernel32.dll' from 'SupportedAPIs.xml'."
"Message",Normal,"          P/Invoke 'CreateThreadpoolIo' resolved to 'CreateThreadpoolIo!api-ms-win-core-threadpool-l1-2-0.dll' from 'SupportedAPIs.xml'."
"Message",Normal,"          P/Invoke 'EnumDynamicTimeZoneInformation' resolved to 'EnumDynamicTimeZoneInformation!api-ms-win-core-timezone-l1-1-0.dll' from 'SupportedAPIs.xml'."
"Message",Normal,"          P/Invoke 'IdnToAscii' resolved to 'IdnToAscii!Normaliz.dll' from 'SupportedAPIs.xml'."
"Message",Normal,"          P/Invoke 'FlushFileBuffers' resolved to 'FlushFileBuffers!kernel32.dll' from 'SupportedAPIs.xml'."
"Message",Normal,"          P/Invoke 'SetEndOfFile' resolved to 'SetEndOfFile!kernel32.dll' from 'SupportedAPIs.xml'."
"Message",Normal,"          P/Invoke 'EnumCalendarInfoExEx' resolved to 'EnumCalendarInfoExEx!kernel32.dll' from 'SupportedAPIs.xml'."
"Message",Normal,"          P/Invoke 'BCryptCreateHash' resolved to 'BCryptCreateHash!BCrypt.dll' from 'SupportedAPIs.xml'."
"Message",Normal,"          P/Invoke 'BCryptGetProperty' resolved to 'BCryptGetProperty!BCrypt.dll' from 'SupportedAPIs.xml'."
"Message",Normal,"          P/Invoke 'GetCurrentProcess' resolved to 'GetCurrentProcess!kernel32.dll' from 'SupportedAPIs.xml'."
"Message",Normal,"          P/Invoke 'GetCurrentThread' resolved to 'GetCurrentThread!kernel32.dll' from 'SupportedAPIs.xml'."
"Message",Normal,"          P/Invoke 'DuplicateHandle' resolved to 'DuplicateHandle!kernel32.dll' from 'SupportedAPIs.xml'."
"Message",Normal,"          P/Invoke 'GetFullPathNameW' resolved to 'GetFullPathNameW!kernel32.dll' from 'SupportedAPIs.xml'."
"Message",Normal,"          P/Invoke 'GetLongPathNameW' resolved to 'GetLongPathNameW!kernel32.dll' from 'SupportedAPIs.xml'."
"Message",Normal,"          P/Invoke 'WaitForMultipleObjectsEx' resolved to 'WaitForMultipleObjectsEx!kernel32.dll' from 'SupportedAPIs.xml'."
"Message",Normal,"          P/Invoke 'LCIDToLocaleName' resolved to 'LCIDToLocaleName!kernel32.dll' from 'SupportedAPIs.xml'."
"Message",Normal,"          P/Invoke 'LocaleNameToLCID' resolved to 'LocaleNameToLCID!kernel32.dll' from 'SupportedAPIs.xml'."
"Message",Normal,"          P/Invoke 'GetDynamicTimeZoneInformationEffectiveYears' resolved to 'GetDynamicTimeZoneInformationEffectiveYears!api-ms-win-core-timezone-l1-1-0.dll' from 'SupportedAPIs.xml'."
"Message",Normal,"          P/Invoke 'GetTimeZoneInformationForYear' resolved to 'GetTimeZoneInformationForYear!api-ms-win-core-timezone-l1-1-0.dll' from 'SupportedAPIs.xml'."
"Message",Normal,"          P/Invoke 'CreateThread' resolved to 'CreateThread!kernel32.dll' from 'SupportedAPIs.xml'."
"Message",Normal,"          P/Invoke 'ResumeThread' resolved to 'ResumeThread!kernel32.dll' from 'SupportedAPIs.xml'."
"Message",Normal,"          P/Invoke 'WaitForSingleObject' resolved to 'WaitForSingleObject!kernel32.dll' from 'SupportedAPIs.xml'."
"Message",Normal,"          P/Invoke 'BCryptFinishHash' resolved to 'BCryptFinishHash!BCrypt.dll' from 'SupportedAPIs.xml'."
"Message",Normal,"          P/Invoke 'CloseThreadpoolIo' resolved to 'CloseThreadpoolIo!api-ms-win-core-threadpool-l1-2-0.dll' from 'SupportedAPIs.xml'."
"Message",Normal,"          P/Invoke 'StartThreadpoolIo' resolved to 'StartThreadpoolIo!api-ms-win-core-threadpool-l1-2-0.dll' from 'SupportedAPIs.xml'."
"Message",Normal,"          P/Invoke 'ReadFile' resolved to 'ReadFile!kernel32.dll' from 'SupportedAPIs.xml'."
"Message",Normal,"          P/Invoke 'ReadFile' resolved to 'ReadFile!kernel32.dll' from 'SupportedAPIs.xml'."
"Message",Normal,"          P/Invoke 'CancelThreadpoolIo' resolved to 'CancelThreadpoolIo!api-ms-win-core-threadpool-l1-2-0.dll' from 'SupportedAPIs.xml'."
"Message",Normal,"          P/Invoke 'WriteFile' resolved to 'WriteFile!kernel32.dll' from 'SupportedAPIs.xml'."
"Message",Normal,"          P/Invoke 'WriteFile' resolved to 'WriteFile!kernel32.dll' from 'SupportedAPIs.xml'."
"Message",Normal,"          P/Invoke 'EnumTimeFormatsEx' resolved to 'EnumTimeFormatsEx!kernel32.dll' from 'SupportedAPIs.xml'."
"Message",Normal,"          P/Invoke 'FindStringOrdinal' resolved to 'FindStringOrdinal!kernel32.dll' from 'SupportedAPIs.xml'."
"Message",Normal,"          P/Invoke 'BCryptOpenAlgorithmProvider' resolved to 'BCryptOpenAlgorithmProvider!BCrypt.dll' from 'SupportedAPIs.xml'."
"Message",Normal,"          P/Invoke 'SetThreadPriority' resolved to 'SetThreadPriority!kernel32.dll' from 'SupportedAPIs.xml'."
"Message",Normal,"          P/Invoke 'BCryptHashData' resolved to 'BCryptHashData!BCrypt.dll' from 'SupportedAPIs.xml'."
"Message",Normal,"          P/Invoke 'QueryUnbiasedInterruptTime' resolved to 'QueryUnbiasedInterruptTime!api-ms-win-core-realtime-l1-1-0.dll' from 'SupportedAPIs.xml'."
"Message",Normal,"          P/Invoke 'CreateThreadpoolTimer' resolved to 'CreateThreadpoolTimer!api-ms-win-core-threadpool-l1-2-0.dll' from 'SupportedAPIs.xml'."
"Message",Normal,"          P/Invoke 'SetThreadpoolTimer' resolved to 'SetThreadpoolTimer!api-ms-win-core-threadpool-l1-2-0.dll' from 'SupportedAPIs.xml'."
"Message",Normal,"          P/Invoke 'BCryptCloseAlgorithmProvider' resolved to 'BCryptCloseAlgorithmProvider!BCrypt.dll' from 'SupportedAPIs.xml'."
"Message",Normal,"          P/Invoke 'BCryptDestroyHash' resolved to 'BCryptDestroyHash!BCrypt.dll' from 'SupportedAPIs.xml'."
"Message",Normal,"          P/Invoke 'RoUninitialize' resolved to 'RoUninitialize!api-ms-win-core-winrt-l1-1-0.dll' from 'SupportedAPIs.xml'."
"Message",Normal,"          P/Invoke 'CancelIoEx' resolved to 'CancelIoEx!kernel32.dll' from 'SupportedAPIs.xml'."
"Message",Normal,"          P/Invoke 'GetCurrentProcessorNumber' resolved to 'GetCurrentProcessorNumber!api-ms-win-core-processthreads-l1-1-1.dll' from 'SupportedAPIs.xml'."
"Message",Normal,"          P/Invoke 'GetFileAttributesExW' resolved to 'GetFileAttributesExW!kernel32.dll' from 'SupportedAPIs.xml'."
"Message",Normal,"          P/Invoke 'FindFirstFileExW' resolved to 'FindFirstFileExW!kernel32.dll' from 'SupportedAPIs.xml'."
"Message",Normal,"          P/Invoke 'GetCalendarInfoEx' resolved to 'GetCalendarInfoEx!kernel32.dll' from 'SupportedAPIs.xml'."
"Message",Normal,"          P/Invoke 'CreateThreadpoolWork' resolved to 'CreateThreadpoolWork!api-ms-win-core-threadpool-l1-2-0.dll' from 'SupportedAPIs.xml'."
"Message",Normal,"          P/Invoke 'CloseThreadpoolWork' resolved to 'CloseThreadpoolWork!api-ms-win-core-threadpool-l1-2-0.dll' from 'SupportedAPIs.xml'."
"Message",Normal,"          P/Invoke 'SubmitThreadpoolWork' resolved to 'SubmitThreadpoolWork!api-ms-win-core-threadpool-l1-2-0.dll' from 'SupportedAPIs.xml'."
"Message",Normal,"          P/Invoke 'GetCalendarInfoEx' resolved to 'GetCalendarInfoEx!kernel32.dll' from 'SupportedAPIs.xml'."
"Message",Normal,"          P/Invoke 'FindClose' resolved to 'FindClose!kernel32.dll' from 'SupportedAPIs.xml'."
"Message",Normal,"          P/Invoke 'CoCreateInstance' resolved to 'CoCreateInstance!api-ms-win-core-com-l1-1-0.dll' from 'SupportedAPIs.xml'."
"Message",Normal,"          P/Invoke 'ConstrainedCallSupport_GetStubs' with [DllImport(ExactSpelling=true)] resolved to '*!ConstrainedCallSupport_GetStubs'."
"Message",Normal,"          P/Invoke 'SysFreeString' resolved to 'SysFreeString!OleAut32' from 'SupportedAPIs.xml'."
"Message",Normal,"          P/Invoke 'RoGetBufferMarshaler' resolved to 'RoGetBufferMarshaler!api-ms-win-core-winrt-robuffer-l1-1-0.dll' from 'SupportedAPIs.xml'."
"Message",High,"  Generating code..."
"Message",High,"  Interop code generated."
"Message",Normal,"  Written code to AssemblyInfo.g.cs"
"Message",Normal,"  Written code to Adapters.g.cs"
"Message",Normal,"  Written code to Data.g.cs"
"Message",Normal,"  Written code to Helpers.g.cs"
"Message",Normal,"  Written code to ImplTypes.g.cs"
"Message",Normal,"  Written code to PInvoke.g.cs"
"Message",Normal,"  Written code to SafeTypes.g.cs"
"Message",Normal,"  Written code to SharedStubs.g.cs"
"Message",Normal,"Running 'GenerateCodeAndCompile' transform, heap at 186 MB."
"Message",High,"Compiling interop code"
"Message",Normal,"Compiling generated source code: C:\Program Files (x86)\Microsoft SDKs\UWPNuGetPackages\microsoft.net.native.compiler\2.2.12-rel-31116-00\tools\csc\csc.exe /noconfig @""D:\--NITIP\NetCore\SqlIdeModule\SqlIdeModule.Package\obj\x64\Release\ilc\intermediate\f57a1d6e-46c3-452a-8b71-07f675309dee.McgInterop.rsp"""
"Message",High,"Generating System.Reflection.DispatchProxy proxy code."
"Message",Normal,"Running 'ReducedCopyInitialize' transform, heap at 186 MB."
"Message",Normal,"Running 'ReducedCopyEmptyTypes' transform, heap at 174 MB."
"Message",Normal,"Running 'ReducedCopyPopulateTypes' transform, heap at 177 MB."
"Message",Normal,"Running 'ReducedCopyLateMetadata' transform, heap at 204 MB."
"Message",Normal,"Running 'ReducedCopyPassResourcesToMutableAssembly' transform, heap at 188 MB."
"Message",Normal,"Running 'ReducedCopyMethodBodies' transform, heap at 189 MB."
"Message",Normal,"Running 'ReducedCopyComplete' transform, heap at 235 MB."
"Message",Normal,"Running 'ReducedCopyCleanup' transform, heap at 231 MB."
"Message",Normal,"Running 'DeveloperExperienceModeOnlyCodeRemover' transform, heap at 85 MB."
"Message",Normal,"Running 'ComImportDetector' transform, heap at 85 MB."
"Message",Normal,"Running 'McgAccessor' transform, heap at 85 MB."
"Message",Normal,"Running 'McgRedirect' transform, heap at 86 MB."
"Message",Normal,"Running 'McgRedirect' transform, heap at 89 MB."
"Message",Normal,"Running 'McgTypeOf' transform, heap at 90 MB."
"Message",Normal,"Running 'EventSource' transform, heap at 97 MB."
"Message",Normal,"Running 'ValueType' transform, heap at 98 MB."
"Message",Normal,"Running 'Attribute' transform, heap at 98 MB."
"Message",Normal,"Running 'GetType' transform, heap at 99 MB."
"Message",Normal,"Running 'McgFixups' transform, heap at 100 MB."
"Message",Normal,"Running 'ResourceManagerCtor' transform, heap at 102 MB."
"Message",Normal,"Running 'TypeofTypeHandle' transform, heap at 102 MB."
"Message",Normal,"Running 'DispatchProxyIntrinsics' transform, heap at 106 MB."
"Message",Normal,"Running 'StaticInitData' transform, heap at 107 MB."
"Message",Normal,"Running 'Delegate' transform, heap at 117 MB."
"Message",Normal,"Running 'LazyGenerics' transform, heap at 119 MB."
"Message",Normal,"Running 'AddReflectionBlockedAttributes' transform, heap at 140 MB."
"Message",Normal,"Running 'DisableOptimization' transform, heap at 98 MB."
"Message",Normal,"Running 'ResourceExtractor' transform, heap at 98 MB."
"Message",Normal,"Running 'CreateMetadata' transform, heap at 99 MB."
"Message",Normal,"Running 'StartupCodeInjector' transform, heap at 110 MB."
"Message",Normal,"Running 'SaveRVAStatics' transform, heap at 110 MB."
"Message",Normal,"Running 'ReflectionInvoke' transform, heap at 111 MB."
"Message",Normal,"Running 'ScrubOpenCalls' transform, heap at 112 MB."
"Message",Normal,"Running 'ConvertCatchIntoFilter' transform, heap at 112 MB."
"Message",Normal,"Running 'ReflectionMappingInfoEmit' transform, heap at 112 MB."
"Message",Normal,"Running 'ReflectionIntrinsics' transform, heap at 113 MB."
"Message",Normal,"Running 'ConvertManagedWinMD' transform, heap at 113 MB."
"Message",Normal,"Running 'DebuggerGuidedStepThroughJmc' transform, heap at 113 MB."
"Message",Normal,"Running 'Reducer' transform, heap at 115 MB."
"Message",High,"Cleaning up unreferenced code"
"Message",Normal,"Running 'WriteAssemblies' transform, heap at 138 MB."
"Message",Normal,""
"Message",Normal,"Transform summary"
"Message",Normal,"    ms | heap delta | name"
"Message",Normal,"  8612 |         86 | Analysis"
"Message",Normal,"  1858 |         21 | WriteAssemblies"
"Message",Normal,"  1668 |          0 | GenerateCodeAndCompile"
"Message",Normal,"  1458 |         23 | Reducer"
"Message",Normal,"   558 |         30 | Mcg"
"Message",Normal,"   370 |        -12 | ReducedCopyInitialize"
"Message",Normal,"   365 |         46 | ReducedCopyMethodBodies"
"Message",Normal,"   249 |         -4 | DumpNativeResources"
"Message",Normal,"   230 |         27 | ReducedCopyPopulateTypes"
"Message",Normal,"   186 |         21 | LazyGenerics"
"Message",Normal,"   186 |        -16 | ReducedCopyLateMetadata"
"Message",Normal,"   180 |         -4 | ReducedCopyComplete"
"Message",Normal,"   143 |          7 | McgTypeOf"
"Message",Normal,"   136 |          3 | McgRedirect"
"Message",Normal,"   136 |         11 | CreateMetadata"
"Message",Normal,"   114 |       -146 | ReducedCopyCleanup"
"Message",Normal,"    79 |          1 | McgRedirect"
"Message",Normal,"    71 |         10 | StaticInitData"
"Message",Normal,"    66 |          4 | TypeofTypeHandle"
"Message",Normal,"    61 |          1 | SaveRVAStatics"
"Message",Normal,"    60 |          1 | ResourceExtractor"
"Message",Normal,"    48 |        -42 | AddReflectionBlockedAttributes"
"Message",Normal,"    31 |          1 | GetType"
"Message",Normal,"    24 |          3 | ReducedCopyEmptyTypes"
"Message",Normal,"    24 |          2 | McgFixups"
"Message",Normal,"    16 |          0 | ScrubOpenCalls"
"Message",Normal,"    15 |          2 | DebuggerGuidedStepThroughJmc"
"Message",Normal,"    13 |          0 | ReflectionIntrinsics"
"Message",Normal,"    13 |          1 | DispatchProxyIntrinsics"
"Message",Normal,"     8 |          1 | EventSource"
"Message",Normal,"     7 |          0 | ConvertCatchIntoFilter"
"Message",Normal,"     7 |          2 | Delegate"
"Message",Normal,"     6 |          1 | McgAccessor"
"Message",Normal,"     5 |          0 | ValueType"
"Message",Normal,"     4 |          1 | Attribute"
"Message",Normal,"     3 |          1 | ReflectionInvoke"
"Message",Normal,"     1 |          1 | ReflectionMappingInfoEmit"
"Message",Normal,"     1 |          1 | ReducedCopyPassResourcesToMutableAssembly"
"Message",Normal,"     0 |          0 | ResourceManagerCtor"
"Message",Normal,"     0 |          0 | DisableOptimization"
"Message",Normal,"     0 |          0 | StartupCodeInjector"
"Message",Normal,"     0 |          0 | ComImportDetector"
"Message",Normal,"     0 |          0 | ConvertManagedWinMD"
"Message",Normal,"     0 |          0 | DeveloperExperienceModeOnlyCodeRemover"
"Message",Low,"Done executing task ""RunILTransforms""."
"Message",Low,"Done building target ""RunILTransforms"" in file ""ILTransforms""."
"Message",Low,"Done building project ""ILTransforms""."
"Message",Low,""
"Message",Low,""
"Message",Low,"Done building target ""GenerateMDIL"" in file ""Nutc""."
"Message",Low,""
"Message",High,"Generating native code"
"Message",Low,"Done building target ""MDILPrepareMultiFile"" in file ""Nutc""."
"Message",Low,""
"Message",Low,"Done building target ""SetBinaryForReferences"" in file ""Nutc""."
"Message",Low,""
"Message",Low,"Task ""GenerateMDILGlobalAnalysis"""
"Message",Normal,"Launching 'C:\Program Files (x86)\Microsoft SDKs\UWPNuGetPackages\runtime.win10-x64.microsoft.net.native.compiler\2.2.12-rel-31116-00\tools\x64\ilc\Tools\nutc_driver.exe @""D:\--NITIP\NetCore\SqlIdeModule\SqlIdeModule.Package\obj\x64\Release\ilc\intermediate\MDIL\f57a1d6e-46c3-452a-8b71-07f675309dee.rsp""'"
"Message",Low,"Microsoft (R) MDIL Compiler - Version 2.2.31116.00"
"Message",Low,"Copyright (c) Microsoft Corporation.  All rights reserved."
"Message",Low,"Scanning input types"
"Message",Low,"Scanning 4247 methods."
"Message",Low,"Scanning 4602 methods."
"Message",Low,"Scanning 3888 methods."
"Message",Low,"Scanning 2434 methods."
"Message",Low,"Scanning 2163 methods."
"Message",Low,"Scanning 1640 methods."
"Message",Low,"Scanning 1764 methods."
"Message",Low,"Scanning 2072 methods."
"Message",Low,"Scanning 1318 methods."
"Message",Low,"Scanning 902 methods."
"Message",Low,"Scanning 649 methods."
"Message",Low,"Scanning 314 methods."
"Message",Low,"Scanning 220 methods."
"Message",Low,"Scanning 174 methods."
"Message",Low,"Scanning 101 methods."
"Message",Low,"Scanning 115 methods."
"Message",Low,"Scanning 55 methods."
"Message",Low,"Scanning 57 methods."
"Message",Low,"Scanning 28 methods."
"Message",Low,"Scanning 17 methods."
"Message",Low,"Scanning 10 methods."
"Message",Low,"Scanning 1 methods."
"Message",Low,"Scanning 2 methods."
"Message",Low,"Eager code generation"
"Message",Low,"Compiling 26773 methods."
"Message",Low,"Deferred code generation"
"Message",Low,"Call to managed method Initialize succeeded; exit code: 0 while generating CTL.Stack trace metadata statistics"
"Message",Low,"Number of methods emitted:   11486"
"Message",Low,"Metadata blob size:          222216"
"Message",Low,"Method RVA - token map size: 91888"
"Message",Low,"Total native size:           314104"
"Message",Low,"Successfully generated 'D:\--NITIP\NetCore\SqlIdeModule\SqlIdeModule.Package\obj\x64\Release\ilc\intermediate\MDIL\f57a1d6e-46c3-452a-8b71-07f675309dee.mdilexe'"
"Message",Low,"Successfully generated 'D:\--NITIP\NetCore\SqlIdeModule\SqlIdeModule.Package\obj\x64\Release\ilc\intermediate\MDIL\f57a1d6e-46c3-452a-8b71-07f675309dee.mdilpdb'"
"Message",Low,"Compiled to MDIL code."
"Message",Normal,"'C:\Program Files (x86)\Microsoft SDKs\UWPNuGetPackages\runtime.win10-x64.microsoft.net.native.compiler\2.2.12-rel-31116-00\tools\x64\ilc\Tools\nutc_driver.exe @""D:\--NITIP\NetCore\SqlIdeModule\SqlIdeModule.Package\obj\x64\Release\ilc\intermediate\MDIL\f57a1d6e-46c3-452a-8b71-07f675309dee.rsp""' completed."
"Message",Normal,"Process execution statistics (all times in milliseconds)"
"Message",Normal,"-----------------------------------------------------------------------------"
"Message",Normal,"launch  |  start   |   stop   |   end    | duration | lifetime | [slot] name"
"Message",Normal,"-----------------------------------------------------------------------------"
"Message",Normal,"       0 |       16 |    20313 |    20313 |    20297 |    20313 | [0] Nutc GlobalAnalysis"
"Message",Normal,"Number of commands:      1"
"Message",Normal,"Total system time:       20313 ms"
"Message",Normal,"System time per command: 20313 ms"
"Message",Normal,"Total duration:          20297 ms"
"Message",Normal,"Total lifetime:          20313 ms"
"Message",Normal,"Requested DOP:           14"
"Message",Normal,"Duration DOP:            1.0"
"Message",Normal,"Lifetime DOP:            1.0"
"Message",Low,"Done executing task ""GenerateMDILGlobalAnalysis""."
"Message",Low,"Done building target ""GenerateMDILGlobalAnalysis"" in file ""Nutc""."
"Message",Low,""
"Message",Low,"Task ""rc"""
"Message",Normal,"Launching 'C:\Program Files (x86)\Windows Kits\10\bin\10.0.26100.0\x64\rc.exe /c ""65001"" /r /fo ""D:\--NITIP\NetCore\SqlIdeModule\SqlIdeModule.Package\obj\x64\Release\ilc\intermediate\BuildInfo\BuildInfo.res"" ""D:\--NITIP\NetCore\SqlIdeModule\SqlIdeModule.Package\obj\x64\Release\ilc\intermediate\BuildInfo\BuildInfo.rc""'"
"Message",Low,"Microsoft (R) Windows (R) Resource Compiler Version 10.0.10011.16384"
"Message",Low,"Copyright (C) Microsoft Corporation.  All rights reserved."
"Message",Normal,"'C:\Program Files (x86)\Windows Kits\10\bin\10.0.26100.0\x64\rc.exe /c ""65001"" /r /fo ""D:\--NITIP\NetCore\SqlIdeModule\SqlIdeModule.Package\obj\x64\Release\ilc\intermediate\BuildInfo\BuildInfo.res"" ""D:\--NITIP\NetCore\SqlIdeModule\SqlIdeModule.Package\obj\x64\Release\ilc\intermediate\BuildInfo\BuildInfo.rc""' completed."
"Message",Normal,"Process execution statistics (all times in milliseconds)"
"Message",Normal,"-----------------------------------------------------------------------------"
"Message",Normal,"launch  |  start   |   stop   |   end    | duration | lifetime | [slot] name"
"Message",Normal,"-----------------------------------------------------------------------------"
"Message",Normal,"       0 |        0 |       62 |       62 |       62 |       62 | [0] rc"
"Message",Normal,"Number of commands:      1"
"Message",Normal,"Total system time:       62 ms"
"Message",Normal,"System time per command: 62 ms"
"Message",Normal,"Total duration:          62 ms"
"Message",Normal,"Total lifetime:          62 ms"
"Message",Normal,"Requested DOP:           14"
"Message",Normal,"Duration DOP:            1.0"
"Message",Normal,"Lifetime DOP:            1.0"
"Message",Low,"Done executing task ""rc""."
"Message",Low,"Task ""ResourceBinaryConcatenate"""
"Message",Normal,"Concatenating into 'D:\--NITIP\NetCore\SqlIdeModule\SqlIdeModule.Package\obj\x64\Release\ilc\intermediate\Native.res' with alignment '4'."
"Message",Normal," Added 'D:\--NITIP\NetCore\SqlIdeModule\SqlIdeModule.Package\obj\x64\Release\ilc\intermediate\ILTransformed\DummyAppForUnmanagedEntrypoint.res' at offset 0."
"Message",Normal," Added 'D:\--NITIP\NetCore\SqlIdeModule\SqlIdeModule.Package\obj\x64\Release\ilc\intermediate\BuildInfo\BuildInfo.res' at offset 1264."
"Message",Low,"Done executing task ""ResourceBinaryConcatenate""."
"Message",Low,"Done building target ""GenerateBuildInfo"" in file ""Nutc""."
"Message",Low,"Done building project ""Nutc""."
"Message",Low,""
"Message",Low,""
"Message",Low,"Done building target ""MDILBindPrepare"" in file ""Binder""."
"Message",Low,""
"Message",High,"Generating fixups for native code"
"Message",Low,"Task ""MDILBind"""
"Message",Normal,"Launching 'C:\Program Files (x86)\Microsoft SDKs\UWPNuGetPackages\runtime.win10-x64.microsoft.net.native.compiler\2.2.12-rel-31116-00\tools\x64\ilc\Tools\rhbind.exe @""D:\--NITIP\NetCore\SqlIdeModule\SqlIdeModule.Package\obj\x64\Release\ilc\intermediate\rhbindargs.f57a1d6e-46c3-452a-8b71-07f675309dee.rsp""'"
"Message",Low,"OS VERSION: major: 6  minor: 2"
"Message",Low,"MDIL: D:\--NITIP\NetCore\SqlIdeModule\SqlIdeModule.Package\obj\x64\Release\ilc\intermediate\MDIL\f57a1d6e-46c3-452a-8b71-07f675309dee.mdilexe"
"Message",Low,"MDILPDB: D:\--NITIP\NetCore\SqlIdeModule\SqlIdeModule.Package\obj\x64\Release\ilc\intermediate\MDIL\f57a1d6e-46c3-452a-8b71-07f675309dee.mdilpdb"
"Message",Low,"IL: D:\--NITIP\NetCore\SqlIdeModule\SqlIdeModule.Package\obj\x64\Release\ilc\intermediate\MDIL\f57a1d6e-46c3-452a-8b71-07f675309dee.ilexe"
"Message",Low,"NI: D:\--NITIP\NetCore\SqlIdeModule\SqlIdeModule.Package\obj\x64\Release\ilc\intermediate\Native\f57a1d6e-46c3-452a-8b71-07f675309dee.dll"
"Message",Low,"SHIM: D:\--NITIP\NetCore\SqlIdeModule\SqlIdeModule.Package\obj\x64\Release\ilc\intermediate\Native\f57a1d6e-46c3-452a-8b71-07f675309dee.exe"
"Message",Low,"REDHAWK_RUNTIME_DLL_NAME_A=mrt100_app.dll"
"Message",Low,"pdb: D:\--NITIP\NetCore\SqlIdeModule\SqlIdeModule.Package\obj\x64\Release\ilc\intermediate\Native\f57a1d6e-46c3-452a-8b71-07f675309dee.pdb"
"Message",Low,"Produced D:\--NITIP\NetCore\SqlIdeModule\SqlIdeModule.Package\obj\x64\Release\ilc\intermediate\Native\f57a1d6e-46c3-452a-8b71-07f675309dee.dll in 1.885 seconds"
"Message",Normal,"'C:\Program Files (x86)\Microsoft SDKs\UWPNuGetPackages\runtime.win10-x64.microsoft.net.native.compiler\2.2.12-rel-31116-00\tools\x64\ilc\Tools\rhbind.exe @""D:\--NITIP\NetCore\SqlIdeModule\SqlIdeModule.Package\obj\x64\Release\ilc\intermediate\rhbindargs.f57a1d6e-46c3-452a-8b71-07f675309dee.rsp""' completed."
"Message",Normal,"Process execution statistics (all times in milliseconds)"
"Message",Normal,"-----------------------------------------------------------------------------"
"Message",Normal,"launch  |  start   |   stop   |   end    | duration | lifetime | [slot] name"
"Message",Normal,"-----------------------------------------------------------------------------"
"Message",Normal,"       0 |       16 |     1938 |     1938 |     1922 |     1938 | [0] rhbind f57a1d6e-46c3-452a-8b71-07f675309dee"
"Message",Normal,"Number of commands:      1"
"Message",Normal,"Total system time:       1938 ms"
"Message",Normal,"System time per command: 1938 ms"
"Message",Normal,"Total duration:          1922 ms"
"Message",Normal,"Total lifetime:          1938 ms"
"Message",Normal,"Requested DOP:           14"
"Message",Normal,"Duration DOP:            1.0"
"Message",Normal,"Lifetime DOP:            1.0"
"Message",Low,"Done executing task ""MDILBind""."
"Message",Low,"Done building target ""MDILBind"" in file ""Binder""."
"Message",Low,"Done building project ""Binder""."
"Message",Low,""
"Message",Low,""
"Message",Low,"Done building target ""CopyNativeExecutablesToOutput"" in file ""Deployment""."
"Message",Low,""
"Message",Low,"Task ""TransformAppxManifest"""
"Message",Low,"Done executing task ""TransformAppxManifest""."
"Message",Low,"Done building target ""TransformAppxManifestAndAddCrt"" in file ""Deployment""."
"Message",Low,""
"Message",Low,"Done building target ""CopyPackageResourceFileInRetailBuild"" in file ""Deployment""."
"Message",Low,"Done building project ""Deployment""."
"Message",Low,"Compilation finished"
